timestamp,mint,ticker,peakPct,peakAtSec,exitPct,holdSec,exitReason
2026-03-16T02:41:35.155Z,AbmRsRzDmeLVyviw,Skillscoin,24.0,6.6,6.2,9,TRAIL -11% (peak 24.0%)
2026-03-16T02:42:00.689Z,AbmRsRzDmeLVyviw,Skillscoin,12.9,12.0,-9.3,21,BE -5.5% (peak 12.9%)
2026-03-16T02:44:31.786Z,EqmWAG7QwLzmhLxc,AGENTPORK,11.1,47.2,-100.0,47,BE -6.5% (peak 11.1%) [SELL_FAIL]
2026-03-16T02:45:10.228Z,8emdyoXaeXkyYsig,Luna,11.7,7.4,-3.9,19,BE 0.1% (peak 11.7%)
2026-03-16T02:46:40.615Z,4gCQyJLnjXc2ELKE,FAP,-2.0,0.1,-14.4,2,SL -10.8%
2026-03-16T02:48:01.579Z,8QMJEuu8hx4CGhPG,USOA,32.1,67.8,26.8,68,MOMENTUM_EXIT 32.1% (peak 32.1% mom:up→flat)
2026-03-16T02:48:08.282Z,ByDAUaHWHiUk6B2b,TRUMPMOLTY,26.3,35.5,0.7,36,TRAIL -17% (peak 26.3%)
2026-03-16T02:50:46.732Z,ByDAUaHWHiUk6B2b,TRUMPMOLTY,40.0,146.1,34.4,148,MOMENTUM_EXIT 40.0% (peak 40.0% mom:up→flat)
2026-03-16T02:51:32.701Z,EpQNRoLRD9g9pEbx,HAPPY,0.8,4.6,-12.2,6,SL -8.5%
2026-03-16T02:51:33.541Z,J1t4WwcnQNL1PuPR,ZUCKBOT,32.0,156.4,25.8,157,MOMENTUM_EXIT 31.1% (peak 32.0% mom:up→flat)
2026-03-16T02:53:30.948Z,CtdeDQXd9axmvNLj,AGENTPUNCH,2.0,5.8,-100.0,7,SL -12.8% (peak 2.0%) [SELL_FAIL]
2026-03-16T02:53:47.279Z,2Q8zrYzGyXdjmnZk,Solana,-0.6,4.5,-13.4,5,SL -9.8%
2026-03-16T02:54:37.152Z,A1eZhT3dsYYVmby7,TRUMPMOLTY,-1.5,5.2,-20.0,6,SL -16.6%
2026-03-16T02:54:37.801Z,4xscugmyFfeL2Q6H,metaclaw,-1.8,4.1,-6.3,7,NO_CONFIRM -2.4% @7s (-1 new buyers)
2026-03-16T02:54:54.568Z,HVxzYPmB6WazB7nJ,GLITCH,-0.4,1.8,-9.6,6,NO_CONFIRM -5.8% @6s (0 new buyers)
2026-03-16T02:55:19.383Z,CqootAKCA13EQXhe,TDS,34.0,6.7,28.5,7,MOMENTUM_EXIT 33.9% (peak 34.0% mom:up→flat)
2026-03-16T02:56:02.672Z,BKPbKaeyXgRsbngz,Economy,4.6,1.0,-10.9,8,NO_CONFIRM -7.2% @8s (-2 new buyers)
2026-03-16T02:56:14.794Z,WFzzFrZ1y4Q5bKum,Roach,-2.0,2.8,-8.2,3,INSTANT_BAIL -4.3% @3s
2026-03-16T02:58:08.926Z,HDPPTQZrTo76PZoy,IVANKA,14.7,39.7,-36.2,40,GAP -33.6% (peak 14.7% drop 48%)
2026-03-16T02:58:45.072Z,CALjdQgU7xQx94o6,LARP,2.8,5.8,-15.3,20,SL -11.7% (peak 2.8%)
2026-03-16T02:58:56.448Z,BkKTdsWmjxnjYm84,YOTUS,11.8,9.0,-5.3,11,BE -1.3% (peak 11.8%)
2026-03-16T02:59:03.674Z,6uq3r5mMQL6tKkJd,HOSPICE,2.9,0.3,-6.4,7,NO_CONFIRM -2.4% @7s (1 new buyers)
2026-03-16T03:00:30.482Z,HPvFxuYnWpzQPAG1,SOLHOUSE,25.1,51.4,-12.5,53,TRAIL -27% (peak 25.1%)
2026-03-16T03:00:47.948Z,7Y1sBdiRz19fv7QV,AlonHouse,37.6,152.7,29.3,153,MOMENTUM_EXIT 34.7% (peak 37.6% mom:up→flat)
2026-03-16T03:01:32.017Z,6rKGUQANrhqUzKKf,武侠猫,50.0,5.1,33.6,6,MOMENTUM_EXIT 39.1% (peak 50.0% mom:up→flat)
2026-03-16T03:02:21.849Z,DJkJXG47yixX2AHK,HODLWOOD,5.2,0.4,-7.6,1,BE -3.7% (peak 5.2%)
2026-03-16T03:05:44.987Z,CH8Qw2WnZVp1oZ9V,Blep,32.1,59.5,26.7,60,MOMENTUM_EXIT 31.9% (peak 32.1% mom:up→flat)
2026-03-16T03:07:40.156Z,69Pv1sg6Ucir8uhD,Burn,40.4,113.4,30.5,115,MOMENTUM_EXIT 35.9% (peak 40.4% mom:up→flat)
2026-03-16T03:08:02.406Z,2cdWbsyj8A9uFgkP,MRBEAST,10.8,2.0,-4.1,9,BE -0.1% (peak 10.8%)
2026-03-16T03:08:30.734Z,EFtLaJ58zhL8uDwN,oscaredian,8.6,0.2,-5.3,0,BE -1.3% (peak 8.6%)
2026-03-16T03:08:32.153Z,BtATkeF85rV9793L,TNF,39.8,209.3,34.2,210,MOMENTUM_EXIT 39.8% (peak 39.8% mom:up→flat)
2026-03-16T03:09:21.643Z,8CirB3dKU2Ux1LCE,CHESTER,-1.9,4.3,-6.1,7,NO_CONFIRM -2.2% @7s (-1 new buyers)
2026-03-16T03:10:03.698Z,JB6FPaa9nbZpQbDm,PUSH,-1.7,2.8,-22.3,3,SL -19.0%
2026-03-16T03:10:47.641Z,97FzCaKU1H7CJxaF,武侠猫,28.0,54.4,6.3,62,TRAIL -13% (peak 28.0%)
2026-03-16T03:11:04.918Z,5ViBQSoVLEzd74JZ,bro ,11.5,0.4,-5.4,16,BE -1.4% (peak 11.5%)
2026-03-16T03:11:25.478Z,99fhN2Ls7oEjBpHN,Vaporware,-1.6,0.2,-14.5,2,SL -10.9%
2026-03-16T03:11:36.639Z,eydxTkzM9U21aa8h,USAC,8.5,54.9,-10.1,68,BE -6.3% (peak 8.5%)
2026-03-16T03:14:48.824Z,ZZmnDmDtnwmv3VT7,ROK,37.3,72.3,31.8,72,MOMENTUM_EXIT 37.3% (peak 37.3% mom:up→flat)
2026-03-16T03:15:11.420Z,CurExJtH77ZM3QEj,brainrot,36.8,52.7,6.0,53,TRAIL -19% (peak 36.8%)
2026-03-16T03:19:21.750Z,DAMGp7EzYz4qVikf,CLAUDE,42.3,8.7,25.0,9,MOMENTUM_EXIT 30.2% (peak 42.3% mom:up→flat)
2026-03-16T03:19:50.560Z,J5VjzYyBzEXJwvwa,CLAUDE,46.4,12.4,32.9,13,MOMENTUM_EXIT 38.4% (peak 46.4% mom:up→flat)
2026-03-16T03:20:00.049Z,4yMQCNGG7R6jJnvw,MAX,3.5,8.1,-9.5,9,NO_CONFIRM -5.7% @9s (-5 new buyers)
2026-03-16T03:20:12.250Z,G64gVPKNZY4u65e4,Crawstar,19.3,82.3,14.5,82,MANUAL SELL
2026-03-16T03:24:11.232Z,5oMSVKsktvEFcujT,ROSIE,5.7,1.3,-5.4,2,BE -1.4% (peak 5.7%)
2026-03-16T03:25:34.690Z,FNkuad7etVKmsdy9,brainrot,1.1,4.8,-10.0,5,SL -6.2% (peak 1.1%)
2026-03-16T03:25:45.515Z,77SUmsow4SCfwLEe,MemeHouse,4.2,8.1,-12.9,11,SL -9.2% (peak 4.2%)
2026-03-16T03:26:03.270Z,DchwLAb3ihsJETqS,ROSIE,19.5,15.0,2.5,17,TRAIL -11% (peak 19.5%)
2026-03-16T03:26:12.283Z,BWuDuhM8hM2KhMxJ,ROSE,6.5,5.7,-5.5,8,BE -1.5% (peak 6.5%)
2026-03-16T03:26:13.284Z,8GuRbe9PXntzaEcd,PUMPHOUSE,33.5,89.1,27.2,89,MOMENTUM_EXIT 32.5% (peak 33.5% mom:up→flat)
2026-03-16T03:27:25.816Z,eaUJLEGexFL32Fm5,Agentmaxxing,1.4,1.9,-5.3,6,DEAD_CAT -1.3% (peak 1.4%)
2026-03-16T03:27:37.589Z,7W7jMQMu9EE9DtLi,SOLANA,-1.4,0.8,-9.8,8,NO_CONFIRM -6.0% @8s (0 new buyers)
2026-03-16T03:29:24.552Z,3XkMreNRFHBTJ1b8,Biscuit,0.4,0.1,-9.4,5,INSTANT_BAIL -5.6% @5s
2026-03-16T03:31:52.945Z,8AnVuwoH7RoANEvs,Dogs,-2.0,1.0,-13.5,1,SL -9.9%
2026-03-16T03:35:25.464Z,BxTjRZsasdW6DWow,DOGS,17.8,12.5,3.7,15,TRAIL -8% (peak 17.8%)
2026-03-16T03:35:38.118Z,BxTjRZsasdW6DWow,DOGS,8.2,2.5,-4.3,8,BE -0.3% (peak 8.2%)
2026-03-16T03:37:52.915Z,gyj98pphvTJH9rej,AGENT,37.8,43.2,30.5,44,MOMENTUM_EXIT 36.0% (peak 37.8% mom:up→flat)
2026-03-16T03:38:40.430Z,5aJ81TisBMpfiuJ4,MXC,-1.0,0.5,-7.5,11,NO_CONFIRM -3.6% @11s (1 new buyers)
2026-03-16T03:38:57.867Z,3FwNvay5NaZgcNnG,IMAGINE,-0.6,0.1,-11.4,1,SL -7.7%
2026-03-16T03:39:53.795Z,6KH94p7UtUDZdV5i,Bubbles ,30.6,26.2,25.0,26,MOMENTUM_EXIT 30.2% (peak 30.6% mom:up→flat)
2026-03-16T03:43:59.669Z,3a8LdEY2RT7nYbnt,LSD,23.0,8.2,6.0,20,TRAIL -10% (peak 23.0%)
2026-03-16T03:44:06.002Z,9LX898nZnPPAJdDf,Salary,-2.0,0.0,-5.9,8,STALE_FEED
2026-03-16T03:44:29.473Z,HkL3ghN4mX4hMoBi,AI,5.1,1.2,-3.5,2,BE 0.6% (peak 5.1%)
2026-03-16T03:44:55.059Z,3K2GL1J3XKhvePDz,GIGAMUSK,-2.0,0.1,-10.3,0,SL -6.6%
2026-03-16T03:45:19.280Z,3a8LdEY2RT7nYbnt,LSD,32.5,59.0,22.0,60,MOMENTUM_EXIT 27.0% (peak 32.5% mom:up→flat)
2026-03-16T03:46:39.099Z,ES658Gi7w3ufxkVD,MINT,-2.0,1.8,-11.1,2,SL -7.4%
2026-03-16T03:48:33.923Z,nQMxhcUd35yqVvm4,MINT,11.2,16.8,-8.9,36,GAP -5.0% (peak 11.2% drop 16%)
2026-03-16T03:49:03.901Z,8KipLDTtpCGffqUd,imagine,-0.3,0.8,-11.8,1,SL -8.1%
2026-03-16T03:55:27.593Z,7dg3hHLGaUQLbR7f,imagine,2.8,0.0,-8.3,3,INSTANT_BAIL -4.4% @3s
2026-03-16T03:56:54.644Z,Gfppbg9swHq2vvM9,vibes,14.2,12.5,-6.7,24,GAP -2.8% (peak 14.2% drop 17%)
2026-03-16T03:57:08.696Z,2XZi6MZqiMWJD7FL,Glowcat,4.8,5.1,-10.2,11,SL -6.5% (peak 4.8%)
2026-03-16T03:59:47.180Z,7kQvCnY6KbtPSheh,Grok,5.3,0.0,-5.9,1,BE -2.0% (peak 5.3%)
2026-03-16T04:00:54.382Z,2QrZ18zzHLp2SzdS,6,59.3,2.5,49.4,3,MOMENTUM_EXIT 55.6% (peak 59.3% mom:up→flat)
2026-03-16T04:01:07.930Z,EN6aN7ho7PjS7q37,HERRMANN,-1.9,2.8,-19.7,4,SL -16.4%
2026-03-16T04:03:02.440Z,GhuTvjQ3d6xNFbQk,toly,9.0,4.6,-8.1,5,BE -4.2% (peak 9.0%)
2026-03-16T04:04:48.923Z,9M1bgfBwLjSQysmF,SIX,21.9,42.9,3.7,45,TRAIL -11% (peak 21.9%)
2026-03-16T04:05:07.466Z,73JfUKi4YvhevWTr,ATO,-1.9,2.0,-13.2,7,SL -9.6%
2026-03-16T04:06:10.720Z,BnmvRp4FzEA6Y4EF,gura,21.5,34.9,3.2,42,TRAIL -11% (peak 21.5%)
2026-03-16T04:07:05.135Z,7Ar8grHjJs8aTwU6,SIX,-1.9,0.0,-10.0,0,SL -6.3%
2026-03-16T04:07:19.594Z,F6tYJKqLRBXQa53b,WeiWu,37.1,6.7,31.3,8,MOMENTUM_EXIT 36.8% (peak 37.1% mom:up→flat) [SELL_FAIL]
2026-03-16T04:11:28.777Z,GtGxkyXYjfk6bbcn,WEIWU,7.0,16.4,-35.5,26,GAP -32.8% (peak 7.0% drop 40%)
2026-03-16T04:14:10.468Z,Hrw5iFAcFQPtxt2Y,UHI,5.5,26.4,-10.2,30,BE -6.4% (peak 5.5%)
2026-03-16T04:16:03.743Z,8YjAT6DnjND5D21X,SRM,34.2,1.4,17.8,1,MOMENTUM_EXIT 22.7% (peak 34.2% mom:up→flat)
2026-03-16T04:22:32.555Z,52jD5Lon4unj6kec,‎ ,-2.0,0.0,-11.5,0,SL -7.8%
2026-03-16T04:22:34.861Z,GeycvUM8Q8WuMJTg,Xnut,-0.4,5.2,-6.4,7,NO_CONFIRM -2.5% @7s (0 new buyers)
2026-03-16T04:23:54.262Z,311Tq1ZGLQPhNHe4,Solana,-2.0,0.5,-12.8,2,SL -9.1%
2026-03-16T04:24:39.936Z,3J3LUPCAHnJFCok6,SLNDN,13.7,2.1,-4.1,7,BE -0.1% (peak 13.7%)
2026-03-16T04:25:31.656Z,7bipH6khLMfw8tob,Banana,27.4,10.6,7.1,54,TRAIL -12% (peak 27.4%)
2026-03-16T04:26:04.696Z,H1zXBtqC39B1UZND,UNIGUY,-0.4,3.2,-47.4,6,SL -45.2%
2026-03-16T04:27:02.163Z,CJkgbnKPJEgyw5fp,Solmaxxing,29.5,44.6,7.3,50,TRAIL -14% (peak 29.5%)
2026-03-16T04:27:06.667Z,7bipH6khLMfw8tob,Banana,23.2,68.3,7.5,77,TRAIL -9% (peak 23.2%)
2026-03-16T04:27:22.748Z,9qZdPDsKHJSdRPZ8,SUPER,2.2,3.0,-9.5,6,NO_CONFIRM -5.7% @6s (0 new buyers)
2026-03-16T04:27:43.500Z,FvytrvKDUV9LcTyy,pHAT,10.8,5.3,-7.6,13,BE -3.8% (peak 10.8%)
2026-03-16T04:27:58.837Z,7bipH6khLMfw8tob,Banana,0.6,0.0,-10.7,4,SL -6.9%
2026-03-16T04:29:42.659Z,FR8Ct2gk4kzCza2J,Salary,-1.9,0.4,-12.2,2,SL -8.6%
2026-03-16T04:30:27.160Z,6pTyPLNnLMbP5MHF,Steve,32.0,19.6,26.7,20,MOMENTUM_EXIT 32.0% (peak 32.0% mom:up→flat)
2026-03-16T04:32:25.913Z,4jRL1vf3ib8xVP4M,COLOMBUS,4.3,0.9,-12.4,3,SL -8.7% (peak 4.3%)
2026-03-16T04:32:41.399Z,EdGH5PViMnXkdRtP,EV1,-2.0,1.7,-12.3,3,SL -8.6%
2026-03-16T04:34:20.576Z,8LarmZTzZspNobd1,OG,-1.4,4.2,-7.1,5,INSTANT_BAIL -3.2% @5s
2026-03-16T04:34:44.665Z,2VVYWaY68w6yzjP9,EV1,-2.0,0.4,-8.6,6,INSTANT_BAIL -4.8% @6s
2026-03-16T04:36:41.577Z,58ZtH7Z8JK2gNdUb,◎,6.8,0.3,-4.3,4,BE -0.3% (peak 6.8%)
2026-03-16T04:36:57.904Z,B2txzC88Ai1aHhmm,boop,30.8,1.9,21.4,2,MOMENTUM_EXIT 26.5% (peak 30.8% mom:up→flat)
2026-03-16T04:38:35.663Z,Donh1b97cdNkNSA8,PONZI,5.3,22.9,-3.4,25,BE 0.6% (peak 5.3%)
2026-03-16T04:39:32.330Z,D3ewapLYhaNW3uyJ,Bowhead,38.3,9.6,32.4,10,MOMENTUM_EXIT 38.0% (peak 38.3% mom:up→flat)
2026-03-16T04:43:29.181Z,CY19qfakNW6YfhtV,Gymskin,20.6,10.1,3.0,13,TRAIL -11% (peak 20.6%)
2026-03-16T04:43:44.033Z,CY19qfakNW6YfhtV,Gymskin,-1.0,0.4,-7.0,4,INSTANT_BAIL -3.1% @4s
2026-03-16T04:44:18.564Z,J9fa6ambJXeoKWTX,Bowhead,-1.5,0.9,-8.6,3,INSTANT_BAIL -4.8% @3s
2026-03-16T04:45:34.517Z,FL9p2LK5Vz4cqdSz,UNIPEP,-0.7,3.0,-7.4,3,INSTANT_BAIL -3.6% @3s
2026-03-16T04:45:59.200Z,9SLJ37AoxAbznxR4,eˣ,9.5,4.3,-5.9,5,BE -1.9% (peak 9.5%)
2026-03-16T04:46:53.248Z,DSXivCgYMfJANDYt,Bowhead,7.8,2.9,-3.5,4,BE 0.6% (peak 7.8%)
2026-03-16T04:47:27.784Z,B4XwCWYRjPXdT4Ry,HAMSTER,2.4,2.1,-12.3,28,SL -8.7% (peak 2.4%)
2026-03-16T04:49:44.543Z,jYe56NpwP62TVdkV,hammy,9.0,2.2,-3.7,6,BE 0.3% (peak 9.0%)
2026-03-16T04:51:34.862Z,Ff7ixTBAmCbtyUSs,PsyopPepe,26.8,55.0,-2.4,64,TRAIL -20% (peak 26.8%)
2026-03-16T04:51:42.951Z,7Mt8RDQsoVNWy4Kf,FUG,34.4,78.7,27.7,79,MOMENTUM_EXIT 33.0% (peak 34.4% mom:up→flat)
2026-03-16T04:55:02.464Z,7n9wbMkFQWzkdDMf,MYRO,15.2,2.4,-3.1,4,TRAIL -12% (peak 15.2%)
2026-03-16T04:56:24.096Z,EzUjkzQWeiAwZ4np,PONZI,-2.0,0.0,-7.0,3,INSTANT_BAIL -3.1% @3s
2026-03-16T04:57:15.139Z,BvnpkDDfs6DbPiGU,TrollGuy,45.9,147.7,39.8,148,MOMENTUM_EXIT 45.6% (peak 45.9% mom:up→flat)
2026-03-16T04:58:42.045Z,6qUEwArToZp1f8T2,Iruka,1.0,2.2,-7.0,4,INSTANT_BAIL -3.1% @4s
2026-03-16T04:59:56.957Z,ALgCanese9oPRVVB,Tiger,8.4,4.8,-7.3,5,BE -3.4% (peak 8.4%)
2026-03-16T05:00:59.466Z,oPjWYwWdymQuGzME,RAINBOW,13.3,52.7,-3.4,54,BE 0.6% (peak 13.3%)
2026-03-16T05:01:45.680Z,GGZe2SEWNBP2rK8v,KOL,4.8,2.8,-10.9,5,SL -7.1% (peak 4.8%)
2026-03-16T05:02:04.821Z,8GPFcKPxZtiH41o7,Pepe,19.2,36.0,-30.0,40,GAP -27.0% (peak 19.2% drop 46%)
2026-03-16T05:04:21.673Z,7DPsYSJrHRfD12Ao,DBASE,30.6,59.3,25.3,59,MOMENTUM_EXIT 30.5% (peak 30.6% mom:up→flat)
2026-03-16T05:05:47.082Z,7mcBqR535hHVNnne,Larry,-0.3,2.7,-7.3,5,INSTANT_BAIL -3.4% @5s
2026-03-16T05:06:28.850Z,D7Ny5MQxgd3xAChv,SINCLAIR,23.5,4.2,8.7,12,TRAIL -8% (peak 23.5%)
2026-03-16T05:06:34.749Z,H5TYYS1bspNNHqmb,武侠猫,0.5,0.0,-7.1,6,NO_CONFIRM -3.2% @6s (-1 new buyers)
2026-03-16T05:07:51.957Z,5wqwVrDWPDbmFtYr,VOLCENGINE,34.0,71.1,27.3,71,MOMENTUM_EXIT 32.6% (peak 34.0% mom:up→flat)
2026-03-16T05:08:27.761Z,D7Ny5MQxgd3xAChv,SINCLAIR,56.1,74.5,44.2,75,MOMENTUM_EXIT 50.2% (peak 56.1% mom:up→flat)
2026-03-16T05:09:02.301Z,HXcj6FeJnTswzvKw,DBASE,-1.5,3.3,-7.3,4,INSTANT_BAIL -3.4% @4s
2026-03-16T05:11:47.853Z,9vn7mEiHB2tyuv3H,STNK,22.3,60.1,4.4,66,TRAIL -11% (peak 22.3%)
2026-03-16T05:12:34.301Z,AXM1syLeGrEdqXXT,Kari,18.6,17.8,3.4,20,TRAIL -9% (peak 18.6%)
2026-03-16T05:13:38.750Z,8NRBUNWwdVSFYgAS,BLUB,-0.7,2.1,-9.7,6,INSTANT_BAIL -5.9% @6s
2026-03-16T05:15:17.001Z,AoUZNaSDj94FzBDr,BLUB,24.9,20.5,7.8,28,TRAIL -10% (peak 24.9%)
2026-03-16T05:15:33.974Z,AoUZNaSDj94FzBDr,BLUB,-1.8,0.0,-9.3,4,INSTANT_BAIL -5.5% @4s
2026-03-16T05:16:09.676Z,7UZTLHjLjvjRT6js,6,0.7,1.8,-8.0,5,INSTANT_BAIL -4.1% @5s
2026-03-16T05:19:55.152Z,CmbtoqR5JKc6x4sG,USOA,9.8,51.0,-34.4,52,GAP -31.6% (peak 9.8% drop 41%)
2026-03-16T05:21:31.736Z,BoVNqozTznzU6BAe,橘猫道长,40.0,11.4,30.7,12,MOMENTUM_EXIT 36.1% (peak 40.0% mom:up→flat) [SELL_FAIL]
2026-03-16T05:22:44.973Z,7Euvy9g7cyn5nu5n,Apollo,30.8,30.8,25.3,31,MOMENTUM_EXIT 30.5% (peak 30.8% mom:up→flat)
2026-03-16T05:24:53.309Z,EpBcxSoaoHxisc2A,DоgGPT,36.0,80.1,30.4,80,MOMENTUM_EXIT 35.8% (peak 36.0% mom:up→flat)
2026-03-16T05:25:21.673Z,4XxXx1m4Gji1uze2,GEOFFREY,32.3,48.0,27.0,49,MOMENTUM_EXIT 32.3% (peak 32.3% mom:up→flat)
2026-03-16T05:26:06.778Z,H8qQHJDCRMtKqAY9,BLUECOLLAR,19.0,14.0,3.1,20,TRAIL -10% (peak 19.0%)
2026-03-16T05:27:21.723Z,A2SrVG4BdUpxvkNt,COCK,-0.8,0.0,-11.1,0,SL -7.4%
2026-03-16T05:27:54.053Z,F79R23FSgXYjw653,Ketchup,31.9,3.7,26.6,4,MOMENTUM_EXIT 31.9% (peak 31.9% mom:down→flat)
2026-03-16T05:28:26.327Z,96AnBZ2bAcuJvCnj,clawbands,50.0,3.0,42.0,3,MOMENTUM_EXIT 47.9% (peak 50.0% mom:up→flat)
2026-03-16T05:29:58.734Z,ESPDwkho37GpqDq1,狐狸,6.1,63.5,-19.7,64,GAP -16.3% (peak 6.1% drop 22%)
2026-03-16T05:35:20.881Z,6voBfvZHe7PVDvnq,Apollo,11.4,0.6,-5.3,5,BE -1.3% (peak 11.4%) [SELL_FAIL]
2026-03-16T05:35:27.875Z,9VzEvHNTAg2UdZG1,GIGI,11.9,3.1,-3.5,4,BE 0.5% (peak 11.9%)
2026-03-16T05:36:08.707Z,AQ84NDaV9agrGZXe,BIBI,30.7,238.8,25.2,241,MOMENTUM_EXIT 30.4% (peak 30.7% mom:up→flat)
2026-03-16T05:39:09.088Z,BVWJx66eNA7GMS8U,joe,-2.0,0.9,-10.1,1,SL -6.3%
2026-03-16T05:39:24.822Z,C4Hk8poCAnBWDHuk,LART,35.0,49.1,28.4,52,MOMENTUM_EXIT 33.8% (peak 35.0% mom:up→flat)
2026-03-16T05:41:36.724Z,4eTTs8VDdiHqC6cK,LOWINCOME,5.3,25.3,-3.8,27,BE 0.3% (peak 5.3%)
2026-03-16T05:42:46.221Z,ARTBrwfQKAptG9Eo,PHAGE,18.3,30.7,1.9,51,TRAIL -10% (peak 18.3%)
2026-03-16T05:43:24.007Z,27M1YFrWA9wmfoEK,MNST,-0.6,1.9,-12.2,3,SL -8.5%
2026-03-16T05:46:04.039Z,jfp3WLHQJv48wuha,CIA,-1.9,2.5,-9.9,3,SL -6.2%
2026-03-16T05:46:49.030Z,9AWvMbBxBGSdeQQk,MNST,-2.0,0.9,-22.4,1,SL -19.2%
2026-03-16T05:49:09.167Z,GjaGyZF6hBy6xYa5,6,31.3,92.8,26.0,94,MOMENTUM_EXIT 31.3% (peak 31.3% mom:up→flat)
2026-03-16T05:50:37.662Z,AvimM46bLijVF8Ez,GLM,16.7,29.2,-1.1,35,TRAIL -12% (peak 16.7%)
2026-03-16T05:51:02.110Z,7C5csVMwMCcW3Lo1,TOLY,2.9,1.1,-12.7,6,SL -9.0% (peak 2.9%)
2026-03-16T05:52:15.627Z,4x5JKKnfutTB7asQ,CHEWING,30.1,242.7,24.7,245,MOMENTUM_EXIT 29.9% (peak 30.1% mom:up→flat)
2026-03-16T05:52:46.615Z,24Xe2yKBNMefBKWV,ROTATE,9.1,0.1,-4.8,10,BE -0.8% (peak 9.1%)
2026-03-16T05:52:51.290Z,8Nf1MG8hUqKxrSah,Goatse,21.2,2.8,7.0,9,TRAIL -8% (peak 21.2%)
2026-03-16T05:53:07.280Z,F2KMEv9dirBs7SkG,HERRMANN,-1.8,0.3,-12.9,0,SL -9.2%
2026-03-16T05:53:18.302Z,8Nf1MG8hUqKxrSah,Goatse,3.8,2.6,-8.5,9,NO_CONFIRM -4.7% @9s (-3 new buyers)
2026-03-16T05:58:17.936Z,4m7Qap7wP2bnTfcf,TRAILCAM,5.7,11.7,-5.0,14,BE -1.0% (peak 5.7%)
2026-03-16T05:58:42.763Z,D3hRFKzJjCiWPoTB,LAST,-2.0,0.0,-5.9,6,STALE_FEED
2026-03-16T05:58:45.937Z,3sKcWuknfcWEPh8P,BARRON,31.1,58.7,25.8,60,MOMENTUM_EXIT 31.1% (peak 31.1% mom:up→flat)
2026-03-16T06:00:07.814Z,7cnvWe4K6bhEW9X7,Eric,8.9,5.3,-7.0,14,BE -3.1% (peak 8.9%)
2026-03-16T06:01:26.233Z,4CTmQfVxdwBheQhJ,Stonks,9.6,4.7,-7.6,16,BE -3.7% (peak 9.6%)
2026-03-16T06:02:35.485Z,8iR732dbGgQSiHdo,Pepe,-0.2,17.1,-4.2,18,STALE_FLAT
2026-03-16T06:03:41.695Z,BmHcKUY11NNAXs5A,AI,18.2,0.2,3.5,1,TRAIL -9% (peak 18.2%)
2026-03-16T06:04:16.380Z,BmHcKUY11NNAXs5A,AI,-2.0,0.0,-7.7,3,INSTANT_BAIL -3.9% @3s
2026-03-16T06:04:25.669Z,4UdmZc5VagJc4gDW,NIGGLON,-0.7,3.8,-9.9,10,SL -6.1%
2026-03-16T06:05:41.599Z,2RPJ4cdmvExQktYz,SJ,6.2,3.0,-5.3,13,BE -1.3% (peak 6.2%)
2026-03-16T06:08:00.469Z,HyzTJHBivRigXm86,FENTHOUSE,-0.5,0.8,-10.3,2,SL -6.5%
2026-03-16T06:08:13.767Z,9JnZZ8WzqFSgZuwg,cat,30.3,5.6,23.7,8,MOMENTUM_EXIT 28.9% (peak 30.3% mom:up→flat)
2026-03-16T06:08:18.063Z,AsYeVRHHDnrU3b6K,Angela,14.5,22.2,-3.1,27,BE 0.9% (peak 14.5%)
2026-03-16T06:10:08.461Z,AyULMX1pGGS8WHGn,YOTUS,3.9,7.6,-7.4,12,DEAD_CAT -3.5% (peak 3.9%)
2026-03-16T06:11:00.057Z,4bYvQwhNSaEmozyu,FENTHOUSE,9.0,4.1,-4.3,14,BE -0.3% (peak 9.0%)
2026-03-16T06:11:23.193Z,9CaiZVm3yruna7rw,SJ,3.5,3.4,-9.3,7,NO_CONFIRM -5.5% @7s (2 new buyers)
2026-03-16T06:12:57.802Z,GeAcZ3172FdMJwhK,比比,-1.0,0.1,-10.1,0,SL -6.3%
2026-03-16T06:13:34.247Z,DPxN6h4w9PNtf33z,CIRBP,19.7,31.4,-1.5,35,GAP 2.7% (peak 19.7% drop 17%)
2026-03-16T06:15:28.507Z,FQR3WqfrspSmF3XW,BARRON,2.2,10.0,-16.7,10,SL -13.2% (peak 2.2%)
2026-03-16T06:20:18.344Z,4CHEAoFZC12USF33,Michael,1.1,0.1,-10.3,3,SL -6.6% (peak 1.1%)
2026-03-16T06:27:07.758Z,W1V8MvfWLAzjzbQE,STORK,31.5,92.1,25.7,93,MOMENTUM_EXIT 30.9% (peak 31.5% mom:up→flat)
2026-03-16T06:27:35.919Z,2Rw4uW6d5yfas8sn,Lana,10.2,12.6,-9.2,15,GAP -5.4% (peak 10.2% drop 16%)
2026-03-16T06:28:21.164Z,94ZfjJf9YaUb3HqY,Campo,37.0,7.2,27.4,8,MOMENTUM_EXIT 32.8% (peak 37.0% mom:up→flat)
2026-03-16T06:30:53.123Z,4FvEobyyKAmiYUEi,三毛,-2.0,0.2,-9.9,0,SL -6.1%
2026-03-16T06:33:03.780Z,5SKryyjDAHbqTa9H,MNST,-2.0,0.0,-5.9,6,STALE_FEED
2026-03-16T06:33:04.563Z,9KjdEXaApyYSBWJy,EMPLOYED,-1.5,0.1,-15.3,2,SL -11.8%
2026-03-16T06:33:07.982Z,3fZHABuN38Vhhtpc,T-Nega,-2.0,0.2,-10.7,0,SL -7.0%
2026-03-16T06:33:37.540Z,9S88e3Ctu5XJA4sT,DeepAgents,-1.7,0.1,-14.8,1,SL -11.2%
2026-03-16T06:33:51.630Z,GcrBNNUtMQLUWK1P,BUCK,60.2,17.7,48.4,18,MOMENTUM_EXIT 54.6% (peak 60.2% mom:up→flat)
2026-03-16T06:35:12.921Z,486s92kadprkQBaM,PIA,1.1,14.3,-35.1,18,SL -32.4% (peak 1.1%)
2026-03-16T06:36:43.522Z,CvhVjvqrtdba6gNT,三毛,35.0,30.8,25.9,31,MOMENTUM_EXIT 31.2% (peak 35.0% mom:up→flat)
2026-03-16T06:44:40.638Z,ApWXV18B9gG5bzFo,jobcoin,22.5,46.0,7.9,47,TRAIL -8% (peak 22.5%)
2026-03-16T06:44:54.848Z,6jFv4h8xDVpppRgB,jobcoin,29.1,18.8,5.2,34,TRAIL -15% (peak 29.1%)
2026-03-16T06:45:04.782Z,6jFv4h8xDVpppRgB,jobcoin,-2.0,0.0,-9.1,3,INSTANT_BAIL -5.3% @3s
2026-03-16T06:45:19.059Z,6tbkWDphEXTWfAg7,BARRON,6.8,6.4,-13.1,9,GAP -9.5% (peak 6.8% drop 16%)
2026-03-16T06:45:56.381Z,ApWXV18B9gG5bzFo,jobcoin,0.4,11.6,-6.4,23,STALE_FLAT
2026-03-16T06:46:05.614Z,6yuUZEbcXCF2y8f9,CLUD,30.2,9.2,24.5,14,MOMENTUM_EXIT 29.7% (peak 30.2% mom:up→flat)
2026-03-16T06:47:39.774Z,3doFYyDtAYsVwWrF,HELIOS,5.7,0.1,-10.1,5,BE -6.3% (peak 5.7%)
2026-03-16T06:50:02.814Z,CByHkXnRNDRdZWNL,6,36.7,98.4,30.7,99,MOMENTUM_EXIT 36.2% (peak 36.7% mom:up→flat)
2026-03-16T06:50:59.583Z,CBiiqU2uidkMcK7B,Knight,-2.0,1.9,-6.9,4,INSTANT_BAIL -3.1% @4s
2026-03-16T06:51:35.929Z,FU9yKxmLmBJ6mAmR,ROCK,-2.0,3.9,-8.0,5,INSTANT_BAIL -4.1% @5s
2026-03-16T06:53:41.491Z,9KgZSy6mtbvZ6EVc,JM,-2.0,0.1,-11.3,0,SL -7.6%
2026-03-16T06:53:41.503Z,3uNZzWtGbG68yGmh,Reachy,17.8,0.2,-1.4,1,GAP 2.7% (peak 17.8% drop 15%)
2026-03-16T06:54:06.812Z,GnULd5EHMt9JtaWZ,Bond,0.2,1.0,-12.3,3,SL -8.7%
2026-03-16T06:55:50.964Z,3eKUqfAQRuTyssmJ,Clanker,-1.5,1.1,-55.9,2,SL -54.0%
2026-03-16T06:56:04.566Z,7gMjcSKBqXGbe147,Simple,-2.0,0.3,-13.2,1,SL -9.6%
2026-03-16T06:57:43.072Z,9iqQe9XYRo3777rM,BURST,2.9,2.4,-7.7,4,INSTANT_BAIL -3.9% @4s
2026-03-16T06:59:19.096Z,vyG5njXtUrzHCr5q,Pepe,30.9,84.2,25.4,84,MOMENTUM_EXIT 30.7% (peak 30.9% mom:up→flat)
2026-03-16T07:02:03.047Z,9dCgyrcB2otLoZH3,DINORAW,32.1,59.4,26.2,60,MOMENTUM_EXIT 31.5% (peak 32.1% mom:up→flat)
2026-03-16T07:02:25.240Z,8HPriW3U4HkwaDtb,三毛,-1.0,4.2,-7.9,4,INSTANT_BAIL -4.0% @4s
2026-03-16T07:03:16.553Z,EzqpHExGAgpfVA8o,ATO,10.9,4.0,-4.2,8,BE -0.2% (peak 10.9%)
2026-03-16T07:04:39.116Z,Fhc2AVYZD9cwQdJK,TGR,-1.8,0.9,-10.2,13,SL -6.5%
2026-03-16T07:11:58.822Z,8JgLDypbNYPiAvxd,BARRON,31.5,81.2,26.2,81,MOMENTUM_EXIT 31.5% (peak 31.5% mom:up→flat)
2026-03-16T07:12:46.245Z,3XnrHmJtPbXvFE3v,max999,-1.2,7.4,-10.6,8,SL -6.8%
2026-03-16T07:18:19.192Z,7bJipNxEBNamUFH6,LIFE,32.7,69.6,27.4,70,MOMENTUM_EXIT 32.7% (peak 32.7% mom:up→flat)
2026-03-16T07:21:10.841Z,HfBXtBVP1SHiZeAL,GOAT,16.7,17.2,-0.1,31,TRAIL -11% (peak 16.7%)
2026-03-16T07:21:15.322Z,A3J5kDuvx3VpvMmH,gork,36.3,6.8,25.7,7,MOMENTUM_EXIT 30.9% (peak 36.3% mom:up→flat)
2026-03-16T07:22:03.387Z,6kbvQbrHycepjodB,CCA,0.7,0.1,-12.8,4,SL -9.2%
2026-03-16T07:22:13.762Z,HfBXtBVP1SHiZeAL,GOAT,-2.0,0.0,-8.1,5,INSTANT_BAIL -4.3% @5s
2026-03-16T07:25:26.484Z,4GGaTFbpe7uYp2xw,GDP,-0.9,1.6,-7.0,6,NO_CONFIRM -3.1% @6s (2 new buyers)
2026-03-16T07:25:32.088Z,5hBuqo68fxQyd5hv,GOATSE,-0.5,0.0,-15.1,2,SL -11.6%
2026-03-16T07:25:53.492Z,6bFqANTqDfVfFt2u,max999,-2.0,2.5,-9.9,12,SL -6.1%
2026-03-16T07:27:15.933Z,9BxqFSvB4ypqSSA7,AGENTOOR,37.6,226.3,31.9,227,MOMENTUM_EXIT 37.4% (peak 37.6% mom:up→flat)
2026-03-16T07:27:39.891Z,9XSX2XgNa5eCJfKi,モガー,19.3,23.0,1.8,28,TRAIL -11% (peak 19.3%)
2026-03-16T07:27:57.321Z,9XSX2XgNa5eCJfKi,モガー,3.5,6.9,-4.9,12,DEAD_CAT -0.9% (peak 3.5%)
2026-03-16T07:28:57.392Z,ub5zKXiHiS7LZdiU,ANMOO,7.4,0.0,-18.7,0,GAP -15.3% (peak 7.4% drop 23%)
2026-03-16T07:31:56.011Z,5bkta9EBndbso7D6,Elithuh,34.7,78.5,28.5,79,MOMENTUM_EXIT 33.8% (peak 34.7% mom:up→flat)
2026-03-16T07:32:23.909Z,DEE3BdYNzx35dxHn,TURTLEMAN,-1.9,0.4,-10.8,4,SL -7.1%
2026-03-16T07:33:08.286Z,H3KyLycCwMS5jeJJ,Angela,2.6,0.1,-11.6,5,SL -7.9% (peak 2.6%) [SELL_FAIL]
2026-03-16T07:34:44.143Z,BnSPsrv3ZRtNvKnC,Solana,-0.3,4.3,-20.0,6,SL -16.6%
2026-03-16T07:36:15.647Z,A8nBEEDZbJJmwzdQ,ANMOO,24.7,2.5,0.3,10,GAP 4.5% (peak 24.7% drop 20%)
2026-03-16T07:38:34.631Z,4t8Q6V8RvyBHFVfH,ANMOO,4.7,0.1,-10.2,3,SL -6.4% (peak 4.7%)
2026-03-16T07:39:08.578Z,29rta6H7PMXewEKV,SAMO,15.9,59.4,-33.2,63,GAP -30.4% (peak 15.9% drop 46%)
2026-03-16T07:39:33.361Z,Ei82NXNn9wf5hAFe,max999,-2.0,0.0,-5.9,6,STALE_FEED
2026-03-16T07:42:13.849Z,DeVUzWjVqr6EY23t,Loom,54.0,87.5,45.3,88,MOMENTUM_EXIT 51.3% (peak 54.0% mom:up→flat)
2026-03-16T07:44:55.001Z,CJtsuiYch5fwMUDu,SAMO,27.1,233.3,-38.0,236,TRAIL -49% (peak 27.1%)
2026-03-16T07:46:53.385Z,2f79uNr77xMaYQ7k,6d656d65,-2.0,0.0,-20.7,0,SL -17.4%
2026-03-16T07:48:20.356Z,4s9wXZjVVogH9Vm8,Joe,-1.7,0.6,-10.8,1,SL -7.1%
2026-03-16T07:49:05.071Z,8fQvWgKKmoPYoKSm,BARRON,-1.7,1.8,-20.6,6,SL -17.3%
2026-03-16T07:50:33.144Z,HzsFVKXFhp4FZ6wn,George,-0.1,0.4,-7.4,11,NO_CONFIRM -3.6% @11s (0 new buyers)
2026-03-16T07:53:11.548Z,Dor5bPTEx4cmAhnQ,ANDY,5.6,7.5,-14.9,8,BE -11.3% (peak 5.6%)
2026-03-16T07:53:53.617Z,GtqGaCZQEf7XAHTn,cabbit,20.6,12.5,5.8,13,TRAIL -9% (peak 20.6%)
2026-03-16T07:54:02.180Z,GtqGaCZQEf7XAHTn,cabbit,-2.0,0.0,-12.1,2,SL -8.4%
2026-03-16T07:54:08.503Z,Gnww8GHuWHVTTFNQ,CCA,-0.0,4.0,-8.0,4,INSTANT_BAIL -4.1% @4s
2026-03-16T07:55:18.622Z,7oTiqmZjCPmNGako,安慕,31.3,24.0,24.4,26,MOMENTUM_EXIT 29.6% (peak 31.3% mom:up→flat)
2026-03-16T07:55:29.271Z,FNJ814YtsQod8KhW,Dindim,32.3,71.2,26.7,73,MOMENTUM_EXIT 32.0% (peak 32.3% mom:up→flat)
2026-03-16T07:55:42.012Z,DnuHT413A8Q1JwQD,JOBLESS,-2.0,7.0,-6.3,7,NO_CONFIRM -2.4% @7s (-1 new buyers)
2026-03-16T07:56:08.577Z,D6MUHTD726TU2s49,ANDY,1.6,13.0,-18.2,13,SL -14.7% (peak 1.6%)
2026-03-16T07:56:22.018Z,JDYu432brtrtxd5Q,TolyAI,7.4,5.6,-3.5,16,BE 0.5% (peak 7.4%)
2026-03-16T07:58:31.994Z,8c9XM1j3MTECW8yH,CCA,20.5,12.4,4.8,14,TRAIL -9% (peak 20.5%)
2026-03-16T07:58:33.150Z,2M7Yrd7a9qMXyJX9,CCA,-1.0,0.0,-5.1,19,STALE_FLAT
2026-03-16T07:58:39.778Z,8c9XM1j3MTECW8yH,CCA,-2.0,0.0,-6.0,7,NO_CONFIRM -2.1% @7s (-1 new buyers)
2026-03-16T07:59:55.331Z,JyuqdeXwgRW8jHkE,AI-Free,-2.0,1.4,-8.4,4,INSTANT_BAIL -4.6% @4s
2026-03-16T08:01:22.151Z,CQS4tnz7nXuMezH3,Replacement,7.7,21.9,-4.1,27,BE -0.1% (peak 7.7%)
2026-03-16T08:04:16.120Z,ApW3gFC51WZgHz8e,RMT,-2.0,3.7,-7.1,4,INSTANT_BAIL -3.2% @4s
2026-03-16T08:06:08.546Z,DC2zB1MUDjsS7HYC,SAMO,1.1,17.8,-18.5,21,SL -15.1% (peak 1.1%)
2026-03-16T08:09:06.747Z,RANYUB3goftwxYGL,HERMANN,-0.4,0.4,-9.3,3,INSTANT_BAIL -5.5% @3s
2026-03-16T08:13:08.866Z,DVfjYmUpptFkjTay,マック,46.9,13.1,39.5,13,MOMENTUM_EXIT 45.3% (peak 46.9% mom:up→flat)
2026-03-16T08:14:21.900Z,4arTz69ugYDd8WzR,◎,31.7,73.9,18.0,81,MOMENTUM_EXIT 22.9% (peak 31.7% mom:up→flat) [SELL_FAIL]
2026-03-16T08:14:37.290Z,AaRVrG6GXFUmfGz6,chuck,-2.0,2.8,-10.3,3,SL -6.5%
2026-03-16T08:15:04.468Z,4dU2cXcu3dyJ1wCN,刀哥,-1.2,2.7,-6.2,9,NO_CONFIRM -2.3% @9s (1 new buyers)
2026-03-16T08:15:14.103Z,9n4Cyqzr1XP9MTCi,MINT,32.1,67.4,26.7,68,MOMENTUM_EXIT 31.9% (peak 32.1% mom:up→flat)
2026-03-16T08:17:13.694Z,2RCCGSW31XFmwE11,Obsessed ,7.7,10.2,-6.5,14,BE -2.6% (peak 7.7%)
2026-03-16T08:17:32.784Z,HhsABWaTn11VDfYE,AI,1.1,4.2,-8.1,7,NO_CONFIRM -4.2% @7s (0 new buyers)
2026-03-16T08:18:30.175Z,3KjFzKKEngUjNXtS,Obsessed ,28.8,19.8,6.3,47,TRAIL -14% (peak 28.8%)
2026-03-16T08:18:54.224Z,99gj9x631Gbb9kBE,LOOM,8.2,32.8,-36.2,34,GAP -33.5% (peak 8.2% drop 42%)
2026-03-16T08:22:08.272Z,HhsdddBC2KVDeshV,三毛,43.4,17.6,37.0,18,MOMENTUM_EXIT 42.7% (peak 43.4% mom:up→flat)
2026-03-16T08:23:03.675Z,6bA6zcW666ff7uHG,COCK,-1.5,0.1,-16.1,1,SL -12.6% [SELL_FAIL]
2026-03-16T08:23:27.101Z,C3QXLyKdSqKxbLpg,LOOM,30.1,143.8,24.7,144,MOMENTUM_EXIT 29.9% (peak 30.1% mom:up→flat)
2026-03-16T08:23:39.240Z,9dHKGduR1zU4jmDG,dog,-1.0,7.0,-6.6,7,NO_CONFIRM -2.7% @7s (0 new buyers)
2026-03-16T08:23:45.998Z,GhL23T1HYXTMEtYu,PND,-2.0,2.1,-9.6,3,INSTANT_BAIL -5.8% @3s
2026-03-16T08:24:42.404Z,GoUkvUc9PQQiU4Fp,BIGMAC,-1.7,0.0,-12.3,0,SL -8.6%
2026-03-16T08:24:57.474Z,8z6zzVfhic3cGG9B,quarter,-2.0,2.3,-13.6,2,SL -10.0%
2026-03-16T08:25:17.091Z,EQcwG2AFKG9Ef7kG,Apollo,6.3,4.0,-3.5,7,BE 0.5% (peak 6.3%)
2026-03-16T08:26:11.229Z,Eqg5Byty6R9i6ULQ,$Wifi,12.7,1.4,-4.1,3,BE -0.1% (peak 12.7%)
2026-03-16T08:26:32.575Z,DVFz3NoiZyFQUju8,BIAO,-0.2,0.2,-12.7,0,SL -9.0%
2026-03-16T08:27:14.840Z,CG1Xt9tvbXfKQS1r,SAMO,-0.5,9.6,-19.8,10,SL -16.4%
2026-03-16T08:28:17.176Z,2ZWgHbT3FyT8pym7,PND,-1.1,1.2,-12.2,2,SL -8.5%
2026-03-16T08:31:11.690Z,FLJSfc7sfpmgMmHi,GIGI,27.2,22.8,4.8,26,TRAIL -14% (peak 27.2%)
2026-03-16T08:32:05.597Z,GMGqXeJJmuVurhkB,PauseAI,-0.2,0.3,-10.9,2,SL -7.2%
2026-03-16T08:32:07.396Z,FLJSfc7sfpmgMmHi,GIGI,34.1,42.8,26.7,46,MOMENTUM_EXIT 32.0% (peak 34.1% mom:up→flat) [SELL_FAIL]
2026-03-16T08:32:26.252Z,2jFiJvxeHn73NaQF,Kochi,84.1,4.5,72.8,5,MOMENTUM_EXIT 80.0% (peak 84.1% mom:up→flat)
2026-03-16T08:33:03.672Z,6fAu3CPf5vV79Kq2,Wooper,-2.0,1.3,-7.7,3,INSTANT_BAIL -3.9% @3s
2026-03-16T08:33:14.988Z,F3a7eGgDEYTj5cyA,Quagsire,44.4,0.2,34.0,0,MOMENTUM_EXIT 39.6% (peak 44.4% mom:up→flat)
2026-03-16T08:37:05.057Z,BJ2WYx4v2BCteJgD,Kakegurui,0.3,0.0,-11.9,6,SL -8.2%
2026-03-16T08:37:14.108Z,4TH3kfUw1dJ9Ynqe,Addiction,-0.9,0.2,-10.9,2,SL -7.1%
2026-03-16T08:39:11.069Z,2Giab89vwiXwoxCt,PauseAI,39.2,35.3,33.4,37,MOMENTUM_EXIT 39.0% (peak 39.2% mom:up→flat)
2026-03-16T08:39:42.265Z,twkUvjHAaGS1RenU,努努,24.6,6.3,7.7,12,TRAIL -10% (peak 24.6%)
2026-03-16T08:39:55.138Z,twkUvjHAaGS1RenU,努努,-1.5,0.0,-10.7,2,SL -6.9%
2026-03-16T08:40:17.470Z,GkDyHxKYuPy2CZ6q,john,-1.8,0.0,-7.1,3,INSTANT_BAIL -3.2% @3s
2026-03-16T08:41:04.556Z,CkdzuhHQzAHFRmwk,OBSERVER,16.0,0.3,-2.0,1,TRAIL -12% (peak 16.0%)
2026-03-16T08:41:40.618Z,CkdzuhHQzAHFRmwk,OBSERVER,4.8,14.3,-6.4,16,DEAD_CAT -2.4% (peak 4.8%)
2026-03-16T08:42:25.059Z,93i16D9eb1BCu6sv,ACM,18.7,10.4,1.9,48,TRAIL -11% (peak 18.7%)
2026-03-16T08:42:38.456Z,93i16D9eb1BCu6sv,ACM,1.0,0.0,-20.6,0,SL -17.3% (peak 1.0%)
2026-03-16T08:47:19.093Z,J8M77v2N4pYRhAcw,LIA,-0.7,1.0,-12.4,1,SL -8.7%
2026-03-16T08:47:48.915Z,5CDy1s4P15zzazNx,henry,-2.0,2.4,-9.8,2,SL -6.0%
2026-03-16T08:50:14.459Z,8vUuBfUSfiSY7vCi,Toly,5.4,9.1,-3.9,22,BE 0.1% (peak 5.4%)
2026-03-16T08:51:35.970Z,DUxeAYNnsqvYQrXt,ⓗ,8.1,1.6,-3.2,6,BE 0.8% (peak 8.1%)
2026-03-16T08:52:25.894Z,N3jaYUtNaTeTupmH,NEO,1.6,2.9,-6.9,5,INSTANT_BAIL -3.0% @5s
2026-03-16T08:54:11.128Z,2V4aHVGnEVdGwz1W,Fallback,1.2,4.6,-7.9,9,NO_CONFIRM -4.1% @9s (-2 new buyers)
2026-03-16T08:54:17.157Z,6NmdCMABT3MiPyWK,NEO,27.2,24.9,3.7,31,TRAIL -15% (peak 27.2%)
2026-03-16T08:54:48.903Z,6NmdCMABT3MiPyWK,NEO,44.2,2.2,35.7,2,MOMENTUM_EXIT 41.4% (peak 44.2% mom:up→flat)
2026-03-16T08:58:19.314Z,GFo9Ar3No4YKRxW2,Kakegurui,7.9,1.9,-5.2,17,BE -1.2% (peak 7.9%)
2026-03-16T08:58:43.661Z,Gf4AXX1Ca8wi6R1Q,GROK-1,-1.5,0.0,-9.4,4,INSTANT_BAIL -5.6% @4s
2026-03-16T09:00:26.869Z,3GLgSVV9boBXMW2s,CAT,19.0,9.2,2.9,10,TRAIL -10% (peak 19.0%)
2026-03-16T09:00:41.793Z,HNAdPxTZoSgofAsL,Chico,22.9,2.4,2.3,3,GAP 6.6% (peak 22.9% drop 16%)
2026-03-16T09:00:46.663Z,3GLgSVV9boBXMW2s,CAT,6.8,5.6,-4.9,7,BE -0.9% (peak 6.8%)
2026-03-16T09:01:28.957Z,Cuq7TS9NsKqKqLH7,金蟾,0.2,0.0,-8.1,4,INSTANT_BAIL -4.3% @4s
2026-03-16T09:01:29.054Z,5Wt33qWbgSEVMsHx,USDT,5.3,1.9,-9.1,5,BE -5.3% (peak 5.3%)
2026-03-16T09:07:09.366Z,DJmWyamTFwb3HE59,金蟾,5.5,0.3,-4.4,3,BE -0.4% (peak 5.5%)
2026-03-16T09:08:57.603Z,2LaajzN2LSpMjaDw,花花,24.7,17.2,6.4,30,TRAIL -11% (peak 24.7%)
2026-03-16T09:11:32.038Z,4vHy87APsn3HZBTW,Gake,34.9,23.8,28.9,24,MOMENTUM_EXIT 34.3% (peak 34.9% mom:up→flat)
2026-03-16T09:13:06.022Z,9mD9gQM7mmrzGrRT,花花,7.9,0.1,-7.2,0,BE -3.4% (peak 7.9%)
2026-03-16T09:13:53.335Z,HZTGHvHwoigt8C1y,AgentTrump,31.2,103.0,25.4,103,MOMENTUM_EXIT 30.6% (peak 31.2% mom:up→flat)
2026-03-16T09:17:24.883Z,5Hs3W5ycjpwDs9oR,Kakegurui,7.1,3.2,-3.7,6,BE 0.4% (peak 7.1%)
2026-03-16T09:25:51.711Z,81TQX3DDUJNUWgBE,API,13.1,7.1,-7.1,10,GAP -3.2% (peak 13.1% drop 16%)
2026-03-16T09:29:09.971Z,Cy4XBpbXVGqygzD6,DIMOS,16.6,5.3,-0.3,27,TRAIL -11% (peak 16.6%)
2026-03-16T09:30:04.316Z,EqPsSFHKW8rGkt2b,Kurt,-2.0,0.0,-10.0,0,SL -6.3%
2026-03-16T09:32:49.100Z,EugC1T3y627o6arj,FIVE,9.3,76.4,-34.3,78,GAP -31.5% (peak 9.3% drop 41%)
2026-03-16T09:33:54.391Z,3h5quZ3ATDGqY57m,Cart,0.3,2.4,-8.3,3,INSTANT_BAIL -4.4% @3s
2026-03-16T09:37:00.286Z,G19dVtyMtMfCrzWS,Trust,30.0,114.5,9.5,118,TRAIL -12% (peak 30.0%)
2026-03-16T09:37:45.065Z,4544cM7ajiJv5YUe,marshmello,30.8,20.8,22.4,21,MOMENTUM_EXIT 27.6% (peak 30.8% mom:up→flat)
2026-03-16T09:39:49.868Z,6f3f79s2pacnfuj7,Doraemon,5.5,7.1,-37.8,46,BE -35.2% (peak 5.5%)
2026-03-16T09:41:00.112Z,DjMN5qXbt2gNomcg,虾骑马,-0.7,0.1,-7.1,5,INSTANT_BAIL -3.2% @5s
2026-03-16T09:41:38.690Z,G8PSTjC16xwUyVoV,ER100,1.9,9.5,-10.3,10,SL -6.5% (peak 1.9%)
2026-03-16T09:41:52.500Z,2s8QQBu3qBGFg7o6,LEONARDO,-2.0,0.0,-14.2,4,SL -10.6%
2026-03-16T09:43:53.390Z,497UFus6oJMTmUqG,FOBO,-1.8,0.8,-10.6,3,SL -6.8%
2026-03-16T09:44:23.325Z,HoSsepGpn4USJBM2,Mona,-0.7,0.8,-10.6,1,SL -6.9%
2026-03-16T09:48:44.923Z,Aha2bLNUn8ehFQkv,DOG,-1.5,0.5,-13.2,3,SL -9.6%
2026-03-16T09:49:47.778Z,2ej2QVXiyVSaK6JT,ミャク,9.8,3.5,-4.0,7,BE 0.1% (peak 9.8%)
2026-03-16T09:51:06.594Z,EptNYTwBJxH2yE4o,Peace,-0.1,0.1,-12.3,1,SL -8.6%
2026-03-16T09:51:39.985Z,6k5DHTYLsx3oX4q7,BOWEN,32.9,188.7,26.9,190,MOMENTUM_EXIT 32.2% (peak 32.9% mom:up→flat)
2026-03-16T09:53:26.853Z,AfirRxnYwoA3hkKo,礼貌猫,-2.0,3.6,-10.5,4,SL -6.7%
2026-03-16T09:54:12.950Z,3UJZRvYvP8Mef4bo,AIRI,10.0,6.7,-25.5,27,GAP -22.4% (peak 10.0% drop 32%)
2026-03-16T09:54:48.527Z,7TucWf21nXf6LUdj,Asylum,-1.7,1.4,-7.4,3,INSTANT_BAIL -3.5% @3s
2026-03-16T09:55:38.941Z,7PqxDnhHQ2MrCFrD,Boop,10.0,1.6,-4.3,2,BE -0.3% (peak 10.0%)
2026-03-16T09:55:39.447Z,4ZR9k13y7bbvosLh,REESE,-2.0,2.0,-8.4,11,NO_CONFIRM -4.5% @11s (0 new buyers)
2026-03-16T09:55:48.307Z,HLwsTd7WWUBAqDzT,WALL-E,-2.0,1.1,-10.5,1,SL -6.7%
2026-03-16T09:59:02.779Z,BMzcfJNXXm5uR9LM,NPD,-0.4,0.0,-14.1,15,SL -10.5%
2026-03-16T10:04:41.964Z,FsRGXK5J2trjmRhD,memespider,3.5,2.5,-9.9,3,SL -6.1% (peak 3.5%)
2026-03-16T10:07:19.947Z,4AGP6U6sLjzqrUEq,SPARK,15.5,12.6,0.7,15,TRAIL -9% (peak 15.5%)
2026-03-16T10:07:38.069Z,4AGP6U6sLjzqrUEq,SPARK,0.3,5.2,-11.0,5,SL -7.3%
2026-03-16T10:08:51.775Z,HLERaeyPZY2Ugszz,🫧,22.3,39.7,0.6,42,GAP 4.8% (peak 22.3% drop 18%)
2026-03-16T10:10:17.807Z,BZGkybV5jVzwe5JZ,Metacoin,54.5,1.0,45.7,1,MOMENTUM_EXIT 51.8% (peak 54.5% mom:up→flat)
2026-03-16T10:10:20.863Z,5ZEB7JvwQ3TtwaV9,ichikawa_z,38.6,99.9,33.0,101,MOMENTUM_EXIT 38.5% (peak 38.6% mom:up→flat)
2026-03-16T10:11:48.150Z,GqCnBbpCDbguey17,MRLOOT,1.1,25.0,-5.4,32,DEAD_CAT -1.4% (peak 1.1%)
2026-03-16T10:11:49.163Z,91r1RMKBasM3YX57,CEO,-2.0,0.7,-12.9,6,SL -9.3%
2026-03-16T10:14:03.109Z,7vqDtWKxyJLZfy9n,Rocketman,13.3,0.6,-5.8,5,GAP -1.8% (peak 13.3% drop 15%)
2026-03-16T10:18:10.878Z,45mG6qt3KxJ2qXLq,Chinese,-2.0,0.9,-10.4,1,SL -6.7% [SELL_FAIL]
2026-03-16T10:20:12.918Z,rr2oz6wcdUfiGb98,Meme,8.5,4.6,-3.7,7,BE 0.3% (peak 8.5%)
2026-03-16T10:21:08.810Z,DgYwGMqqYainh5PQ,Trump,-1.9,0.0,-20.7,0,SL -17.3%
2026-03-16T10:21:35.397Z,DXFRhK12mefoU5JU,Aicoin,-2.0,0.4,-13.6,1,SL -10.0%
2026-03-16T10:22:17.199Z,C1H6oi78SipykUgr,Aicoin,-2.0,1.9,-12.1,2,SL -8.4%
2026-03-16T10:26:07.578Z,7LjVTWG25GUPtgfH,pumpizif,0.1,3.2,-7.2,8,NO_CONFIRM -3.3% @8s (1 new buyers)
2026-03-16T10:32:10.551Z,E5WSCvpbKYhKMdht,Pilly,6.6,0.0,-6.0,1,BE -2.1% (peak 6.6%)
2026-03-16T10:32:45.672Z,8DK9gsFEhSoqSbxo,GENESIS,30.7,7.8,24.2,10,MOMENTUM_EXIT 29.4% (peak 30.7% mom:up→flat)
2026-03-16T10:34:11.535Z,3x3VRKmoUmYUvQAo,generational,-1.6,1.1,-10.0,3,SL -6.2%
2026-03-16T10:37:34.427Z,DxFpB7wn134jgwNy,UnitreeG1,-2.0,0.5,-13.1,1,SL -9.5%
2026-03-16T10:37:43.166Z,BcZXxwb7zyxyQvZa,DAISY,32.6,25.3,23.6,29,MOMENTUM_EXIT 28.8% (peak 32.6% mom:up→flat)
2026-03-16T10:40:19.228Z,3MFtPKANrgZR6h1k,cake,-0.9,2.0,-7.5,3,INSTANT_BAIL -3.6% @3s
2026-03-16T10:42:42.011Z,DzKkXbVbKPJwfvGt,SAMO,34.1,153.7,28.6,154,MOMENTUM_EXIT 33.9% (peak 34.1% mom:up→flat)
2026-03-16T10:42:54.814Z,7WKmviBZC7cUKK3o,フグ,-2.0,0.3,-15.7,0,SL -12.2%
2026-03-16T10:43:03.350Z,6qsT9TPqh459J8hg,Inut,-1.9,0.1,-20.8,6,SL -17.4%
2026-03-16T10:43:23.688Z,AAnDFj98GBcxVEEb,Blep,18.4,32.0,1.8,36,TRAIL -10% (peak 18.4%)
2026-03-16T10:48:06.653Z,CJB4fjgUjSN43QLF,Romanus,-2.0,0.3,-12.0,0,SL -8.3%
2026-03-16T10:49:07.305Z,9WJHFzkqUU6JB9AR,BARRON,35.4,118.7,29.7,119,MOMENTUM_EXIT 35.1% (peak 35.4% mom:up→flat)
2026-03-16T10:49:25.466Z,C7ts9gva6LDSpbk4,LabClaw,49.5,25.9,43.1,26,MOMENTUM_EXIT 49.1% (peak 49.5% mom:up→flat)
2026-03-16T10:53:05.485Z,GD2HtPGEMyKcJiXw,LOOM,-2.0,0.0,-10.0,2,SL -6.2%
2026-03-16T10:53:08.777Z,53cofi9XnJXvxm7z,SAHURGUY,-0.2,0.4,-11.8,7,SL -8.1%
2026-03-16T10:53:16.915Z,FcsqWaK7Gki8jDYF,Forest,-2.0,3.2,-11.4,3,SL -7.7%
2026-03-16T10:56:12.766Z,7gSm7KxwsXyxqQjo,BELL,3.0,0.4,-10.4,2,SL -6.6% (peak 3.0%)
2026-03-16T10:58:53.333Z,129PSq8FE713WhPZ,6,34.4,118.1,28.4,118,MOMENTUM_EXIT 33.8% (peak 34.4% mom:up→flat)
2026-03-16T10:58:57.963Z,3HNVsRogybkcTn72,Eric,-2.0,3.4,-10.0,3,SL -6.3%
2026-03-16T10:59:01.037Z,EmTL2JjRzTYSmtLA,Quarter,-2.0,1.9,-14.1,2,SL -10.5%
2026-03-16T11:02:06.832Z,6s7jt2LjorFmT1So,Robust,-0.1,7.2,-10.9,8,SL -7.2%
2026-03-16T11:02:16.298Z,9bGzi58vGHA8juP9,LOOM,30.4,271.8,24.9,272,MOMENTUM_EXIT 30.1% (peak 30.4% mom:up→flat)
2026-03-16T11:02:35.998Z,GtuhFprBWFmVhsCv,ASUKA,3.9,2.6,-5.3,6,DEAD_CAT -1.4% (peak 3.9%)
2026-03-16T11:03:08.799Z,2PUj16sQsKVTpcM6,G1,-0.7,8.3,-6.9,11,NO_CONFIRM -3.0% @11s (1 new buyers)
2026-03-16T11:05:40.547Z,HaW5hSCwn14P8poK,Quarter,25.0,7.2,-0.4,9,TRAIL -17% (peak 25.0%)
2026-03-16T11:06:09.732Z,6eXFdF1DGVtNgs19,ONE,13.7,10.7,-7.3,15,GAP -3.4% (peak 13.7% drop 17%)
2026-03-16T11:07:10.158Z,Ga59yvParjFjkjVH,RES,15.2,115.3,-36.6,117,GAP -33.9% (peak 15.2% drop 49%) [SELL_FAIL]
2026-03-16T11:07:29.445Z,2S83R7JLUExkDJup,One,41.0,2.2,33.6,2,MOMENTUM_EXIT 39.2% (peak 41.0% mom:up→flat)
2026-03-16T11:07:42.638Z,3oS55SiNrgqMMv5k,USOA,37.5,54.1,32.0,55,MOMENTUM_EXIT 37.5% (peak 37.5% mom:up→flat)
2026-03-16T11:08:42.896Z,9p7oi5G3UKR8vQeg,COCK,9.4,0.1,-5.2,0,BE -1.3% (peak 9.4%)
2026-03-16T11:10:05.744Z,J3fe552F6sTS91ii,LS,-1.9,1.1,-43.7,4,SL -41.3%
2026-03-16T11:10:28.014Z,AjJnaCxsXqXTWgzv,PIA,-0.6,3.5,-4.7,19,STALE_FLAT
2026-03-16T11:10:51.962Z,HbZFLvoHT2JxqTF9,burncoin,28.0,6.9,5.0,33,TRAIL -15% (peak 28.0%)
2026-03-16T11:11:46.143Z,72niVvCFERcT616w,ClawStack,3.3,19.0,-17.4,19,SL -13.9% (peak 3.3%)
2026-03-16T11:12:04.886Z,5usmaXmM3r61i8sB,Ru,-2.0,0.1,-12.6,0,SL -8.9%
2026-03-16T11:12:51.663Z,H2MJzH4DbRZMnFS8,RUTHENINU,-0.9,1.4,-10.7,2,SL -6.9%
2026-03-16T11:13:36.906Z,CDFv3XpG8j1AxPwX,BuzzCat,-2.0,0.7,-6.3,6,NO_CONFIRM -2.3% @6s (-3 new buyers) [SELL_FAIL]
2026-03-16T11:15:48.151Z,7EdEYGYWyjNt7goe,Darren,12.5,8.5,-3.8,9,BE 0.3% (peak 12.5%)
2026-03-16T11:15:54.545Z,E7wQeSiJ1VD5Lkud,chicken,5.4,0.2,-3.4,4,BE 0.7% (peak 5.4%)
2026-03-16T11:16:46.402Z,56tPfb7P7eLfF6Di,Darren,0.1,1.3,-8.2,6,NO_CONFIRM -4.3% @6s (1 new buyers)
2026-03-16T11:18:52.557Z,BCiyZPxA3dESZ6Ct,MBGA,30.9,69.0,25.5,69,MOMENTUM_EXIT 30.7% (peak 30.9% mom:up→flat)
2026-03-16T11:19:10.183Z,5QfWU4zormnRfJb7,MedWife,1.2,2.9,-7.2,4,INSTANT_BAIL -3.3% @4s
2026-03-16T11:20:02.403Z,6dVo7PSVSsJD8Dy2,lobsterM,0.1,0.2,-11.6,5,SL -7.9%
2026-03-16T11:20:48.456Z,7TJASVcKLCxzjwqq,Gary,14.7,4.4,-3.3,13,BE 0.7% (peak 14.7%)
2026-03-16T11:21:08.758Z,5v5jt71gB6KwqkM2,Selperttem,23.6,5.2,8.4,6,TRAIL -9% (peak 23.6%)
2026-03-16T11:21:10.182Z,4LCAhtYh1umW3efH,PUSH,0.0,18.4,-4.0,19,STALE_FLAT
2026-03-16T11:21:36.829Z,5QqBLkfvnUbYwxP3,まじイヌ,-2.0,0.8,-12.5,4,SL -8.8%
2026-03-16T11:21:44.557Z,5v5jt71gB6KwqkM2,Selperttem,6.9,4.5,-5.2,7,BE -1.2% (peak 6.9%)
2026-03-16T11:22:00.193Z,BoCdPuqqC6MUAZbx,ULI,3.2,8.2,-6.0,8,NO_CONFIRM -2.1% @8s (1 new buyers)
2026-03-16T11:22:58.678Z,E4E4QR2wnjE41z7C,ULI,0.1,1.7,-10.6,2,SL -6.9%
2026-03-16T11:23:11.123Z,6puZYjYJUFZNYAkz,herry,-2.0,0.7,-10.5,8,SL -6.8%
2026-03-16T11:24:20.985Z,72pYvLT9FGhH9NQ6,aura,34.4,0.7,29.0,1,MOMENTUM_EXIT 34.4% (peak 34.4% mom:up→flat)
2026-03-16T11:25:34.444Z,9Q2eUk6LzSYJBPeC,aura,38.2,100.3,32.6,100,MOMENTUM_EXIT 38.2% (peak 38.2% mom:up→flat)
2026-03-16T11:27:10.712Z,CF7RoKVRc6GWmy1r,herry,21.6,33.5,5.0,38,TRAIL -10% (peak 21.6%) [SELL_FAIL]
2026-03-16T11:27:21.768Z,CF7RoKVRc6GWmy1r,herry,0.9,4.1,-6.1,7,NO_CONFIRM -2.1% @7s (-2 new buyers)
2026-03-16T11:29:50.451Z,5zZW9AsRugCkeDUP,RAM,-2.0,0.4,-10.5,2,SL -6.8%
2026-03-16T11:33:42.924Z,HUDuJg8G5MUHkhmB,SPLOOT,-2.0,0.6,-10.9,1,SL -7.2%
2026-03-16T11:34:10.511Z,59vX1aqsT8ted4Pv,Darren,-2.0,3.7,-7.7,4,INSTANT_BAIL -3.8% @4s
2026-03-16T11:34:15.190Z,4JdiWoxMLtCcEv1k,ATO,0.6,0.6,-10.0,3,SL -6.2%
2026-03-16T11:34:38.410Z,9uVLFTh9MJL4C1fs,AGENTRUMP,5.7,15.2,-3.5,16,BE 0.6% (peak 5.7%)
2026-03-16T11:36:53.756Z,8usvBU3P4DjzQWji,まじイヌ,-2.0,3.3,-7.2,3,INSTANT_BAIL -3.3% @3s
2026-03-16T11:38:14.689Z,3dy9FFTmsVsBHryq,GERALD,30.5,14.7,24.5,15,MOMENTUM_EXIT 29.7% (peak 30.5% mom:up→flat)
2026-03-16T11:39:28.292Z,Fjfaz8JSk9ZgWnZE,SolChan,-2.0,2.3,-10.4,4,SL -6.7%
2026-03-16T11:40:10.972Z,5uAmK4eDozBnXSRQ,白化病,0.6,1.2,-53.5,3,SL -51.6%
2026-03-16T11:41:19.479Z,FUo1L5ajF5w6myKh,まじイヌ,1.9,1.3,-19.2,1,SL -15.8% (peak 1.9%)
2026-03-16T11:42:30.500Z,2XxTEzCsxMLU9oDt,SAM,10.3,0.6,5.9,12,STALE_FEED
2026-03-16T11:42:39.971Z,4taLxr4hC4B2YiE4,SOLHOUSE,11.4,51.4,-8.6,52,GAP -4.8% (peak 11.4% drop 16%)
2026-03-16T11:46:59.214Z,BUNn9Eh1SwYYYWF5,ClaudeBot,-2.0,2.9,-12.2,7,SL -8.5%
2026-03-16T11:47:15.483Z,7HiLR3GQQocjDa3P,UWH,-1.6,2.9,-10.2,3,SL -6.5%
2026-03-16T11:48:38.457Z,4D9DEVoovY9pNfCE,Jomvet,5.9,6.2,-6.4,17,BE -2.5% (peak 5.9%)
2026-03-16T11:49:18.407Z,CJ13JjfmdYytoJWG,MIX,-0.3,14.7,-42.0,15,SL -39.5%
2026-03-16T11:49:24.485Z,ywEwoCLwrxdYh3yi,phone,67.7,2.0,45.0,2,MOMENTUM_EXIT 51.1% (peak 67.7% mom:up→flat)
2026-03-16T11:49:50.013Z,4nGCAEagTyHFeJb6,Base,-2.0,0.0,-5.9,6,STALE_FEED
2026-03-16T11:51:39.166Z,ADEJzncNVzKw9VwT,job?,44.5,96.9,36.6,97,MOMENTUM_EXIT 42.2% (peak 44.5% mom:up→flat)
2026-03-16T11:51:58.431Z,3yFBTpt88rZBJBsf,UWH,0.5,14.1,-5.1,18,STALE_FLAT
2026-03-16T11:52:32.549Z,2ywF1asnMWN9Rou1,SAMO,0.3,17.9,-4.7,20,STALE_FLAT
2026-03-16T11:54:24.976Z,6hcSFrZ4tmMgz2Tw,Kakegurui,17.6,17.5,3.9,23,TRAIL -8% (peak 17.6%)
2026-03-16T11:57:21.739Z,2qMTf8m8uaD99NuX,AMBER,45.6,119.7,-10.3,120,TRAIL -36% (peak 45.6%)
2026-03-16T11:58:16.827Z,aSdrf49GkyLpnJVe,cif,32.6,16.3,25.6,17,MOMENTUM_EXIT 30.9% (peak 32.6% mom:up→flat)
2026-03-16T12:01:13.111Z,8tgfWMekRxKoyXwE,PUMPMAN,48.0,4.4,40.8,4,MOMENTUM_EXIT 46.7% (peak 48.0% mom:up→flat)
2026-03-16T12:02:07.076Z,2R56vCKZ4FZUyzPj,memespider,5.1,2.3,-3.7,6,BE 0.4% (peak 5.1%)
2026-03-16T12:03:06.005Z,FKUZsXd6cJRasKAA,GIGI,-1.6,1.4,-10.3,3,SL -6.5%
2026-03-16T12:04:15.606Z,6FK6Gjxk8CiZu3wz,memespider,8.3,2.3,-6.8,2,BE -2.9% (peak 8.3%)
2026-03-16T12:04:45.942Z,CRCEjgkR8PthKCGk,Banksy,-2.0,4.7,-10.7,5,SL -7.0%
2026-03-16T12:07:21.800Z,3HtsWnpdxvxUcF1z,Jorge,10.3,0.5,-8.2,5,BE -4.3% (peak 10.3%)
2026-03-16T12:08:29.458Z,7d2GGRBMkNU1u8o7,Burnv2,-2.0,1.7,-13.4,2,SL -9.7%
2026-03-16T12:09:08.458Z,3bHKTjAMJRC1ghdd,Erika,4.4,29.2,-4.6,30,DEAD_CAT -0.6% (peak 4.4%)
2026-03-16T12:09:29.783Z,6Dyxf23V3pKVcMXH,Kabbalah,3.3,16.2,-4.4,21,DEAD_CAT -0.4% (peak 3.3%)
2026-03-16T12:09:36.041Z,3YnfzxgJvHVAdZjz,KOOZIE,3.7,1.9,-7.4,3,INSTANT_BAIL -3.5% @3s
2026-03-16T12:11:01.500Z,5opAMSZUDMYdMDDK,PUMPBORG,20.2,3.8,6.1,5,TRAIL -8% (peak 20.2%)
2026-03-16T12:11:10.228Z,5opAMSZUDMYdMDDK,PUMPBORG,6.9,0.9,-5.2,1,BE -1.2% (peak 6.9%)
2026-03-16T12:12:22.768Z,GnQc2nHFEUmMArYF,HQ,-0.4,1.1,-11.1,2,SL -7.3%
2026-03-16T12:13:11.147Z,4H6Tbsh9C1X8Qipq,MINT,-2.0,3.4,-7.0,3,INSTANT_BAIL -3.1% @3s [SELL_FAIL]
2026-03-16T12:14:32.292Z,CbZNP9QN6ru3GiWM,DPP,33.3,70.6,27.1,71,MOMENTUM_EXIT 32.5% (peak 33.3% mom:up→flat)
2026-03-16T12:22:44.457Z,ERALMpDpsFaSsPXP,Meta,-0.7,0.0,-8.3,3,INSTANT_BAIL -4.4% @3s [SELL_FAIL]
2026-03-16T12:27:53.548Z,92uowKQYTxrd1oLL,Nourish,18.8,8.7,2.9,14,TRAIL -10% (peak 18.8%)
2026-03-16T12:30:40.343Z,3RrcCgSLh53vwqgw,oscar,11.1,58.4,-9.1,61,GAP -5.2% (peak 11.1% drop 16%)
2026-03-16T12:31:32.090Z,Gbpo7TUTp1CxXmCh,Yuri,32.7,4.0,20.4,5,MOMENTUM_EXIT 25.4% (peak 32.7% mom:up→flat)
2026-03-16T12:31:52.069Z,CjwJaixXbPgAJ9G8,MILLI-ELON,1.4,7.0,-8.2,8,NO_CONFIRM -4.3% @8s (1 new buyers)
2026-03-16T12:33:15.387Z,4KGK2yX21Ja6Ki1W,MEMECULT,12.4,1.5,-5.0,14,BE -1.1% (peak 12.4%)
2026-03-16T12:33:39.539Z,6xZ5ohFWLxaa5hL5,LARRY,-2.0,2.6,-6.5,7,NO_CONFIRM -2.6% @7s (0 new buyers)
2026-03-16T12:33:46.261Z,nSPCb7au8N7ytY1R,Glassworm,9.2,3.1,-6.8,5,BE -2.9% (peak 9.2%)
2026-03-16T12:34:15.026Z,BjN9GGBNvbadSv1r,Nourish,32.3,8.0,24.0,12,MOMENTUM_EXIT 29.1% (peak 32.3% mom:up→flat)
2026-03-16T12:35:59.158Z,8gi5GtNwTmsgn9bX,Bald,65.1,1.4,52.6,2,MOMENTUM_EXIT 59.0% (peak 65.1% mom:up→flat)
2026-03-16T12:36:18.953Z,vuwpswbyaFyL5bnQ,Bob,3.0,0.0,-9.8,4,SL -6.0% (peak 3.0%)
2026-03-16T12:38:01.618Z,8N8Pc6j8YztGn1iX,BB,26.0,86.5,-1.0,90,TRAIL -18% (peak 26.0%)
2026-03-16T12:39:25.091Z,sKNWCRuRrdYq5sym,Fugu,-1.5,2.1,-9.5,5,INSTANT_BAIL -5.7% @5s
2026-03-16T12:40:18.956Z,CQmq5Mwncu6a5hCj,Samocoin,4.1,0.5,-5.0,6,DEAD_CAT -1.0% (peak 4.1%)
2026-03-16T12:43:48.812Z,CMC4q4qrKYCv6ug8,Oscar,31.0,131.4,25.5,131,MOMENTUM_EXIT 30.8% (peak 31.0% mom:up→flat)
2026-03-16T12:45:01.946Z,5U3xRWgwBo89Ueuw,SCT,7.7,6.2,-3.8,12,BE 0.2% (peak 7.7%)
2026-03-16T12:45:09.129Z,Hqiim17KYrdLQ83e,Iruka,1.3,0.1,-36.3,7,SL -33.6% (peak 1.3%)
2026-03-16T12:46:14.289Z,8dQHMQjHQZNUaDG7,END,-1.5,0.1,-13.6,2,SL -10.0%
2026-03-16T12:50:52.437Z,8BcZofyc8L1QfW4G,GAyatolla,22.9,23.0,8.2,56,TRAIL -8% (peak 22.9%)
2026-03-16T12:51:32.023Z,GsVcGRoZh3tt9r4r,eˣ,21.9,9.9,-59.0,13,GAP -57.2% (peak 21.9% drop 79%)
2026-03-16T12:52:06.607Z,5Wr2vRqWm5eAtMVS,Punchi,7.3,0.0,-17.9,4,GAP -14.5% (peak 7.3% drop 22%)
2026-03-16T12:52:20.322Z,G9MgUBAjTWCCgxBZ,BALD,2.7,0.4,-12.2,1,SL -8.6% (peak 2.7%)
2026-03-16T12:52:48.355Z,GENB5og2HJGZxbsr,52NUGGETS,-2.0,0.2,-7.2,3,INSTANT_BAIL -3.3% @3s
2026-03-16T12:53:04.240Z,E5GXXrwDM9CqQnnz,Gayatollah,0.1,2.7,-7.1,6,NO_CONFIRM -3.2% @6s (-8 new buyers)
2026-03-16T12:53:41.749Z,6CHFzbbe2TJ7FH1j,SOLVI,-1.5,4.4,-13.4,5,SL -9.8%
2026-03-16T12:56:24.035Z,6voG8ofGyC4Pgh5c,Bill,-1.4,0.6,-9.6,3,INSTANT_BAIL -5.8% @3s [SELL_FAIL]
2026-03-16T12:57:37.409Z,57F8EGfNPfbCXLNq,6,46.6,7.0,39.6,7,MOMENTUM_EXIT 45.4% (peak 46.6% mom:up→flat)
2026-03-16T12:58:39.092Z,BJwd9vZ2di3RWspB,BOBO,1.2,2.4,-7.4,5,INSTANT_BAIL -3.5% @5s
2026-03-16T12:59:21.262Z,FUSjqrkR9DtKmbgj,Onboarding,-2.0,1.9,-9.5,3,INSTANT_BAIL -5.7% @3s
2026-03-16T12:59:39.418Z,GM54ttL2nuWX9thj,JM,33.3,5.3,24.6,7,MOMENTUM_EXIT 29.8% (peak 33.3% mom:up→flat)
2026-03-16T13:00:26.272Z,9fgYTSTD5Bv5BTLy,PANCAKE,0.8,19.3,-5.2,27,STALE_FLAT
2026-03-16T13:03:23.219Z,4V8juXDVVaMMJGER,AGENTPUNCH,0.8,2.2,-12.3,4,SL -8.7%
2026-03-16T13:06:28.947Z,A55ygqCgayBvXfnK,BB,31.2,104.3,25.8,105,MOMENTUM_EXIT 31.0% (peak 31.2% mom:up→flat)
2026-03-16T13:07:28.246Z,6iHzz4yQd1Eo8ERP,GAYATOLLA,-1.9,2.6,-10.5,4,SL -6.8%
2026-03-16T13:10:18.162Z,4o8dUQpsinjPRpzZ,JM,-2.0,2.3,-6.5,8,NO_CONFIRM -2.6% @8s (0 new buyers)
2026-03-16T13:13:12.683Z,5KmkybKJgczCRK4c,Builders,8.7,14.0,-5.5,19,BE -1.5% (peak 8.7%)
2026-03-16T13:13:21.102Z,Gc6sN4rmMgqaUePT,cakecoin,-2.0,0.7,-55.4,3,SL -53.5%
2026-03-16T13:13:45.795Z,HTfDJz6Ehhvxea8P,BEAR,13.2,7.3,-3.3,21,BE 0.8% (peak 13.2%)
2026-03-16T13:14:32.052Z,2jxRkTApy8wGrzcT,Oil,-2.0,0.9,-10.5,1,SL -6.8%
2026-03-16T13:15:34.359Z,FykX5ZcPyc55mysg,AI-free,-0.6,0.0,-8.1,4,INSTANT_BAIL -4.2% @4s
2026-03-16T13:17:55.866Z,BLAngGdkJPbLkPDb,OBSERVER,9.0,0.3,-4.8,13,BE -0.8% (peak 9.0%)
2026-03-16T13:19:27.535Z,6Je4WQRMJckYVGzt,KANZI,4.4,11.2,-6.4,17,DEAD_CAT -2.5% (peak 4.4%)
2026-03-16T13:21:18.973Z,pRjfXfi61hVw4ey8,Cope,3.4,29.6,-8.8,30,DEAD_CAT -5.0% (peak 3.4%)
2026-03-16T13:25:07.780Z,B56A7ccsRuY6Y6We,foid,14.4,0.8,-3.5,1,BE 0.5% (peak 14.4%)
2026-03-16T13:26:27.272Z,8unAuEj71VU3jpSs,/run,9.5,4.1,-3.3,11,BE 0.8% (peak 9.5%)
2026-03-16T13:26:49.223Z,9u7d9aGUAbGoy4mX,WHEN,11.5,0.9,-4.0,2,BE -0.0% (peak 11.5%)
2026-03-16T13:26:55.686Z,A14FMDsNcpmSrw8o,000,-2.0,0.4,-23.0,0,SL -19.8%
2026-03-16T13:27:32.057Z,Bq55LWV8NLhPYwsz,EWYUSDT,1.1,13.9,-6.8,16,DEAD_CAT -2.9% (peak 1.1%)
2026-03-16T13:28:12.827Z,9vDrnrWrjrhC6xkm,Oil,-0.5,3.8,-7.7,5,INSTANT_BAIL -3.9% @5s
2026-03-16T13:29:09.675Z,EYmUKynXeEQdimVx,CircleJerk,35.3,3.0,29.9,3,MOMENTUM_EXIT 35.3% (peak 35.3% mom:up→flat)
2026-03-16T13:30:45.290Z,H2pxLhPCCt6CfceY,Moe-chan,22.7,19.9,7.4,41,TRAIL -9% (peak 22.7%)
2026-03-16T13:31:08.767Z,AYGNvPmuyPvLohC5,BEAR,4.3,3.9,-7.0,7,NO_CONFIRM -3.1% @7s (-5 new buyers)
2026-03-16T13:32:03.155Z,G28rMP835S8i9uhe,Garden,-0.7,0.1,-8.7,4,INSTANT_BAIL -4.9% @4s
2026-03-16T13:33:26.997Z,5ubTcLpgrt9YnYYe,GAyatollah,13.2,52.7,-6.3,57,GAP -2.4% (peak 13.2% drop 16%)
2026-03-16T13:34:54.975Z,5evDAA2x4QvQzNqL,AGENTHOUSE,-2.0,2.8,-7.8,3,INSTANT_BAIL -3.9% @3s
2026-03-16T13:38:43.017Z,3mbgqNPDQudiZEWJ,bust,2.5,22.6,-38.4,23,SL -35.8% (peak 2.5%)
2026-03-16T13:39:15.607Z,E1C4nQ7RceNGvrpH,Intern,-2.0,1.0,-11.3,2,SL -7.6%
2026-03-16T13:39:43.570Z,6zcipc1K4tgHqbPh,Labbies,24.7,18.9,6.1,19,TRAIL -11% (peak 24.7%)
2026-03-16T13:39:50.535Z,6LfdssbFBMTVA4aH,TERAFAB,-1.7,0.3,-18.0,3,SL -14.5%
2026-03-16T13:41:21.567Z,gkTyr9g7htKaKpWK,dollo,30.1,72.9,24.8,73,MOMENTUM_EXIT 30.0% (peak 30.1% mom:up→flat)
2026-03-16T13:43:57.019Z,8Hy4SSYqFivKugg5,AGENTCHUD,9.0,12.1,-7.6,14,BE -3.7% (peak 9.0%)
2026-03-16T13:44:42.851Z,2KxkN9N2eiyjU2kx,CHILL,1.0,3.2,-7.3,5,INSTANT_BAIL -3.4% @5s
2026-03-16T13:45:23.283Z,7EdN5KyKqskXDsbu,RoastMyHuman,4.5,21.3,-5.6,27,DEAD_CAT -1.7% (peak 4.5%)
2026-03-16T13:45:43.265Z,5fxhJwvYzPLNVGYR,REPORTS,-0.4,15.8,-4.4,19,STALE_FLAT
2026-03-16T13:45:47.037Z,7WFZJ9kSadgaPZKe,COW,2.4,0.6,-14.3,1,SL -10.7% (peak 2.4%)
2026-03-16T13:47:49.731Z,DUwVBRsZnpU6CNgj,LIFE,21.7,17.3,6.7,21,TRAIL -9% (peak 21.7%)
2026-03-16T13:47:53.759Z,m9BvjXTDJX3k7Fxf,[dog],-0.8,1.5,-8.9,3,INSTANT_BAIL -5.1% @3s
2026-03-16T13:52:03.599Z,F5zXmGcvZEig4SAT,Quarter,30.0,147.1,24.7,148,MOMENTUM_EXIT 29.9% (peak 30.0% mom:up→flat)
2026-03-16T13:52:41.178Z,9QFrmoSGujmL5JG5,Myaku-Myaku,-0.5,0.0,-14.8,0,SL -11.2%
2026-03-16T13:54:08.579Z,4tH25Pw3XKbFTwVv,CLEFAIRY,-0.5,0.0,-11.6,3,SL -7.9%
2026-03-16T13:54:48.246Z,9WhYFYMtaUYK17Gu,ミャク,1.3,0.5,-10.2,1,SL -6.5% (peak 1.3%)
2026-03-16T13:55:01.159Z,Gs4MmJ27iTfh7vBJ,soul.md,35.1,6.8,18.9,10,MOMENTUM_EXIT 23.9% (peak 35.1% mom:up→flat)
2026-03-16T13:58:30.154Z,BzHgdYzeXSLbqgJQ,Jorge,36.4,14.9,21.3,16,MOMENTUM_EXIT 26.4% (peak 36.4% mom:up→flat)
2026-03-16T13:59:14.611Z,5geQKS11r4Nm8fSf,READING,35.7,24.5,25.6,33,MOMENTUM_EXIT 30.9% (peak 35.7% mom:up→flat) [SELL_FAIL]
2026-03-16T13:59:52.919Z,5KN4Hu4cJZeX6ctk,Yamato,30.7,13.4,25.5,14,MOMENTUM_EXIT 30.7% (peak 30.7% mom:up→flat)
2026-03-16T14:01:18.983Z,HX2Me1rmHNCS2Xei,CRAB,6.4,16.1,-3.2,17,BE 0.9% (peak 6.4%) [SELL_FAIL]
2026-03-16T14:01:41.779Z,94Lii7JsboVzysbN,PHONE,2.9,0.9,-10.9,1,SL -7.1% (peak 2.9%)
2026-03-16T14:04:33.158Z,B2wZu6TPsEqj2SDU,Raven,4.1,2.7,-7.6,7,NO_CONFIRM -3.8% @7s (-1 new buyers)
2026-03-16T14:05:04.215Z,747FdHowS3UaGtju,MNMX,11.9,4.3,-3.5,13,BE 0.5% (peak 11.9%)
2026-03-16T14:07:22.254Z,5Ns9cYvae179RoBY,USOA,36.3,79.8,30.7,80,MOMENTUM_EXIT 36.1% (peak 36.3% mom:up→flat)
2026-03-16T14:08:29.674Z,7ccem5B4v7sup71y,NEO,4.1,3.1,-6.2,13,DEAD_CAT -2.3% (peak 4.1%)
2026-03-16T14:08:37.896Z,9U5MJ4uGw1d1GxaX,Raven,-1.8,2.2,-10.1,6,SL -6.3%
2026-03-16T14:09:35.344Z,7uuRqDjkFppmqwsk,PauseAI,-0.5,1.0,-7.3,7,NO_CONFIRM -3.4% @7s (0 new buyers)
2026-03-16T14:12:47.673Z,9Y5HgeUorSu2cTeu,PauseAI,2.3,0.7,-7.8,4,INSTANT_BAIL -4.0% @4s
2026-03-16T14:13:46.310Z,A4aKothwZQGVnkQs,RUBIO,5.5,2.1,-3.2,2,BE 0.9% (peak 5.5%)
2026-03-16T14:14:39.237Z,HihBgUgsMh53BkMg,OSCAR,4.5,8.6,-9.7,12,DEAD_CAT -5.9% (peak 4.5%)
2026-03-16T14:15:38.269Z,DExfxh9JyvpP8WH2,SUBARU,32.4,36.3,22.8,37,MOMENTUM_EXIT 27.9% (peak 32.4% mom:up→flat)
2026-03-16T14:16:50.097Z,P6nauQcV74Ebz3ju,USOA,3.7,9.1,-40.3,10,SL -37.8% (peak 3.7%)
2026-03-16T14:18:02.748Z,jFPRt5HeFP3DprLv,ΤΙLLΥ,33.5,32.9,27.9,33,MOMENTUM_EXIT 33.2% (peak 33.5% mom:up→flat)
2026-03-16T14:20:13.988Z,13oYGmTutPj932PZ,DREAM TEAM,31.8,70.8,26.5,71,MOMENTUM_EXIT 31.8% (peak 31.8% mom:up→flat)
2026-03-16T14:20:34.512Z,FdokfCitS4DiyVPh,POSSIBLE,17.6,0.1,3.8,2,TRAIL -8% (peak 17.6%)
2026-03-16T14:22:25.268Z,3MDf7aRFy7W94yEG,YAT🦞,-1.8,1.2,-6.8,7,NO_CONFIRM -2.9% @7s (1 new buyers) [SELL_FAIL]
2026-03-16T14:23:56.584Z,EPeXEaRHvpKSidVh,Bee,13.1,0.3,-7.5,1,GAP -3.6% (peak 13.1% drop 17%)
2026-03-16T14:25:40.106Z,ARD2hhs4yten2zrD,异瞳狮王,-2.0,0.3,-9.9,0,SL -6.1%
2026-03-16T14:26:40.500Z,3W9eHEXcjpfNJnEd,Jomvet,8.1,8.0,1.8,9712,MANUAL SELL
2026-03-16T14:26:41.238Z,6oR6BWR5Y3PnfPGz,BBX,14.2,2.5,-2.6,24,MANUAL SELL
